1507164769826639651,1510137996244943888,21fa32c0-52fe-11ee-a421-656ff8f1cbea
1507164769826639651,1510137996244943888,2744dfa0-52fe-11ee-a421-656ff8f1cbea
1507164767695933207,1510137996244943888,56eb3842-5302-11ee-85f5-aba80832f682
1507164770061520677,1507164769826639651,dataset
1507164769633701665,1507164769826639651,dataset
1507164770464173865,1507164769826639651,dataset
1507164770648723243,1507164769826639651,dataset
1507164769197494045,1507164769826639651,dataset
1507164770254458663,1507164769826639651,dataset
1507164771110096687,1507164769826639651,dataset
1507164770850049837,1507164769826639651,dataset
1507164771747630899,1507164769826639651,dataset
1507164773349855041,1507164769826639651,dataset
1507164772947201853,1507164769826639651,dataset
1507164772569714489,1507164769826639651,dataset
1507164772267724599,1507164769826639651,dataset
1507164773123362623,1507164769826639651,dataset
1507164771974123317,1507164769826639651,dataset
1507164773542793027,1507164769826639651,dataset
1507164773886725959,1507164769826639651,dataset
1507164774415208267,1507164769826639651,dataset
1507164774750752590,1507164769826639651,dataset
1507164775002410831,1507164769826639651,dataset
1507164775186960209,1507164769826639651,dataset
1507164774129995594,1507164769826639651,dataset
1507164773718953797,1507164769826639651,dataset
1507164775564447573,1507164769826639651,dataset
1507164776327810910,1507164769826639651,dataset
1507164778617900916,1507164769826639651,dataset
1507164780035575681,1507164769826639651,dataset
1507164775782551383,1507164769826639651,dataset
1507164777443495785,1507164769826639651,dataset
1507164776151650139,1507164769826639651,dataset
1507164775967100761,1507164769826639651,dataset
1507164782971588511,1507164769826639651,dataset
1507164776512360288,1507164769826639651,dataset
1507164776705298273,1507164769826639651,dataset
1507164776889847651,1507164769826639651,dataset
1507164777074397029,1507164767695933207,dataset
1507164777258946408,1507164769826639651,dataset
1507164777628045163,1507164769826639651,dataset
1507164777820983149,1507164769826639651,dataset
1507164778013921135,1507164769826639651,dataset
1507164779255435129,1507164769826639651,dataset
1507164780564057991,1507164769826639651,dataset
1507164779020554103,1507164769826639651,dataset
1507164779851026303,1507164769826639651,dataset
1507164780203347843,1507164769826639651,dataset
1507164780379508613,1507164769826639651,dataset
1507164778810838901,1507164769826639651,dataset
1507164779490316155,1507164769826639651,dataset
1507164780748607369,1507164769826639651,dataset
1507164781302255504,1507164767695933207,dataset
1507164781126094733,1507164769826639651,dataset
1507164780933156747,1507164769826639651,dataset
1507164781478416273,1507164769826639651,dataset
1507164781662965651,1507164769826639651,dataset
1507164781855903637,1507164769826639651,dataset
1507164782317277082,1507164769826639651,dataset
1507164782493437851,1507164769826639651,dataset
1507164783164526497,1507164769826639651,dataset
1507164783558791078,1507164769826639651,dataset
1507164783357464484,1507164769826639651,dataset
1507164783944667049,1507164769826639651,dataset
1507164783760117671,1507164769826639651,dataset
1507164784322154413,1507164769826639651,dataset
1507164784498315184,1507164769826639651,dataset
1507164784137605036,1507164769826639651,dataset
1507164784691253169,1507164769826639651,dataset
1507164785051963318,1507164769826639651,dataset
1507164784867413939,1507164769826639651,dataset
1507164785236512696,1507164769826639651,dataset
1507164785655943099,1507164767695933207,dataset
1507164786041819072,1507164769826639651,dataset
1507164785857269694,1507164769826639651,dataset
1507164786629021638,1507164769826639651,dataset
1507164787719540690,1507164769826639651,dataset
1507164787534991312,1507164769826639651,dataset
1507164788273188823,1507164769826639651,dataset
1507164788097028053,1507164767695933207,dataset
1507164787895701460,1507164769826639651,dataset
1507164788449349594,1507164769826639651,dataset
1507164787174281163,1507164769826639651,dataset
1507164786998120393,1507164769826639651,dataset
1507164786805182407,1507164769826639651,dataset
1507164787358830542,1507164769826639651,dataset
1507164788860391390,1507164769826639651,dataset
1507164789036552159,1507164769826639651,dataset
1507164788675842012,1507164769826639651,dataset
1507189203752980463,1507164769826639651,dataset
1507164785421062073,1507164769826639651,dataset
1507164768249581337,1507164769826639651,dataset
1507164786217979841,1507164769826639651,dataset
1507164772762652475,1507164769826639651,dataset
1507164786444472259,1507164769826639651,dataset
1507164779666476925,1507164769826639651,dataset
1507164769407209247,1507164769826639651,dataset
1507164782770261917,1507164769826639651,dataset
1507171345740337126,1507164769826639651,dataset
1507164768509628187,1507164769826639651,qvnkqz8s0wdqf
1507164768509628187,1507164782317277082,lqifl0t8hhrga
1507164768509628187,1507164782971588511,mrjgm1522opyb
1507164768509628187,1507164780035575681,kphekyrgzony9
1507164768509628187,1507164784691253169,8d528ok4io2ax
1507164768509628187,1507164780379508613,otlio209vg4md
1507164768509628187,1507164783357464484,nskhn3dhudj0c
1507164768509628187,1507164770061520677,gldagp2ekyge5
1507164768509628187,1507164785051963318,tyqnt9bovid8i
1507164768509628187,1507164767695933207,infciq1c89je7
1507164768509628187,1507164785655943099,27zw2juwp5emr
1507164768509628187,1507171345740337126,16yxd7gojiacq
1507164768509628187,1507164769407209247,mrjgmvxq6yo2b
1507164768509628187,1507164779666476925,05xu0e1so1o6p
1507164768509628187,1507164785421062073,ch96cs0b54by1
1507164768509628187,1507164788860391390,tyqntb2nacawi
1507164768509628187,1507164773718953797,05xu0bafozgep
1507164768509628187,1507164779255435129,491y4iy424wmt
1507164768509628187,1507164773886725959,y3vsy9b5iv86n
1507164768509628187,1507164778810838901,ch96cpyzl3hm1
1507164768509628187,1507164785857269694,x2urxes3f5vwm
1507164768509628187,1507164786217979841,gldagxhlpx4q5
1507164768509628187,1507164786444472259,y3vsyf3u2yaan
1507164768509628187,1507164787534991312,nskhn4ak09vwc
1507164768509628187,1507164775782551383,mrjgmyu6wn56b
1507164768509628187,1507164782770261917,sxpms78wdpaqh
1507164768509628187,1507164787895701460,z4wtzhsv4vxko
1507164768509628187,1507164770464173865,491y4ewqzvbut
1507164768509628187,1507164772762652475,ejb8ep80pi163
1507164768509628187,1507164777628045163,27zw2f553fpqr
1507164768509628187,1507164772947201853,sxpms3pgygm6h
1507164768509628187,1507164783760117671,af74aq6s79dez
1507164768509628187,1507164774750752590,tyqnt5kbstbsi
1507164768509628187,1507164768249581337,ch96cl4boozy1
1507164768509628187,1507164781126094733,8d528nx6xy7ix
1507164768509628187,1507164781662965651,qvnkq5oj2gy2f
1507164768509628187,1507164776512360288,rwolr3bej5gwg
1507164768509628187,1507164779490316155,uzrou8sqm5zaj
1507164768509628187,1507164775379898195,y3vsya0uiqbqn
1507164768509628187,1507164777074397029,491y4hy1jw5yt
1507164768509628187,1507164788097028053,sxpmsao0sscqh
1507164768509628187,1507164781302255504,fkc9fu79zvxg4
1507164775379898195,1507164769826639651,dataset
